mass,x,y,z,vx,vy,vz,formation_time
998,0.564692,0.331679,0.46561,-0.243862,-0.235131,-0.0417232,0
