x,y,z,vx,vy,vz,temperature,density,pressure,is_star
52.66692,76.05072,23.86663,91.74548,134.17818,40.99038,0.00000,11789.25586,0.00000,0
79.30443,50.02639,-0.16853,138.82840,88.14201,-1.53921,0.00000,11789.25586,0.00000,0
