x,y,z,vx,vy,vz,temperature,density,pressure,is_star
47.14288,67.97178,21.39857,92.29787,134.98605,41.23718,0.00000,11789.25586,0.00000,0
70.94549,44.71931,-0.07585,139.66428,88.67271,-1.54849,0.00000,11789.25586,0.00000,0
