x,y,z,vx,vy,vz,temperature,density,pressure,is_star
58.15791,84.08131,26.31991,91.19640,133.37512,40.74505,0.00000,11789.25586,0.00000,0
87.61333,55.30171,-0.26065,137.99751,87.61449,-1.52999,0.00000,11789.25586,0.00000,0
