x,y,z,vx,vy,vz,temperature,density,pressure,is_star
45.29414,65.26801,20.57259,92.48275,135.25642,41.31978,0.00000,11789.25586,0.00000,0
68.14801,42.94319,-0.04483,139.94402,88.85033,-1.55159,0.00000,11789.25586,0.00000,0
