x,y,z,vx,vy,vz,temperature,density,pressure,is_star
59.98092,86.74747,27.13440,91.01410,133.10851,40.66360,0.00000,11789.25586,0.00000,0
90.37189,57.05312,-0.29123,137.72165,87.43935,-1.52693,0.00000,11789.25586,0.00000,0
