x,y,z,vx,vy,vz,temperature,density,pressure,is_star
27.54546,39.31050,12.64277,94.25754,137.85213,42.11281,0.00000,11789.25586,0.00000,0
41.29088,25.89163,0.25294,142.62968,90.55540,-1.58143,0.00000,11789.25586,0.00000,0
