x,y,z,vx,vy,vz,temperature,density,pressure,is_star
46.21897,66.62057,20.98579,92.39027,135.12117,41.27846,0.00000,11789.25586,0.00000,0
69.54745,43.83170,-0.06035,139.80408,88.76147,-1.55004,0.00000,11789.25586,0.00000,0
