x,y,z,vx,vy,vz,temperature,density,pressure,is_star
50.82925,73.36313,23.04559,91.92924,134.44693,41.07248,0.00000,11789.25586,0.00000,0
76.52369,48.26091,-0.13770,139.10646,88.31856,-1.54230,0.00000,11789.25586,0.00000,0
