x,y,z,vx,vy,vz,temperature,density,pressure,is_star
79.79518,115.72590,35.98709,89.03271,130.21071,39.77835,0.00000,11789.25586,0.00000,0
120.35464,76.08914,-0.62365,134.72334,85.53577,-1.49367,0.00000,11789.25586,0.00000,0
