x,y,z,vx,vy,vz,temperature,density,pressure,is_star
41.58556,59.84420,18.91566,92.85360,135.79881,41.48548,0.00000,11789.25586,0.00000,0
62.53622,39.38028,0.01739,140.50519,89.20661,-1.55782,0.00000,11789.25586,0.00000,0
