x,y,z,vx,vy,vz,temperature,density,pressure,is_star
72.64040,105.26201,32.79045,89.74818,131.25708,40.09801,0.00000,11789.25586,0.00000,0
109.52811,69.21539,-0.50362,135.80598,86.22313,-1.50568,0.00000,11789.25586,0.00000,0
