x,y,z,vx,vy,vz,temperature,density,pressure,is_star
48.06585,69.32164,21.81095,92.20557,134.85107,41.19594,0.00000,11789.25586,0.00000,0
72.34213,45.60604,-0.09133,139.52461,88.58405,-1.54694,0.00000,11789.25586,0.00000,0
