x,y,z,vx,vy,vz,temperature,density,pressure,is_star
24.71207,35.16665,11.37685,94.54086,138.26649,42.23943,0.00000,11789.25586,0.00000,0
37.00342,23.16953,0.30048,143.05843,90.82759,-1.58620,0.00000,11789.25586,0.00000,0
