x,y,z,vx,vy,vz,temperature,density,pressure,is_star
37.86211,54.39864,17.25208,93.22594,136.34335,41.65186,0.00000,11789.25586,0.00000,0
56.90194,35.80307,0.07986,141.06860,89.56432,-1.56408,0.00000,11789.25586,0.00000,0
