x,y,z,vx,vy,vz,temperature,density,pressure,is_star
84.23792,122.22343,37.97203,88.58843,129.56097,39.57986,0.00000,11789.25586,0.00000,0
127.07735,80.35738,-0.69819,134.05109,85.10895,-1.48622,0.00000,11789.25586,0.00000,0
