x,y,z,vx,vy,vz,temperature,density,pressure,is_star
6.56844,8.63143,3.27052,96.35458,140.92061,43.05061,0.00000,11789.25586,0.00000,0
9.54857,5.73852,0.60492,145.80455,92.57006,-1.61721,0.00000,11789.25586,0.00000,0
