x,y,z,vx,vy,vz,temperature,density,pressure,is_star
29.42967,42.06616,13.48460,94.06914,137.57657,42.02863,0.00000,11789.25586,0.00000,0
44.14205,27.70183,0.22133,142.34457,90.37440,-1.57826,0.00000,11789.25586,0.00000,0
