x,y,z,vx,vy,vz,temperature,density,pressure,is_star
66.33283,96.03716,29.97233,90.37892,132.17955,40.37981,0.00000,11789.25586,0.00000,0
99.98355,63.15555,-0.39780,136.76045,86.82911,-1.51627,0.00000,11789.25586,0.00000,0
