x,y,z,vx,vy,vz,temperature,density,pressure,is_star
92.17908,133.83737,41.52000,87.79433,128.39960,39.22507,0.00000,11789.25586,0.00000,0
139.09380,87.98660,-0.83141,132.84947,84.34604,-1.47289,0.00000,11789.25586,0.00000,0
