x,y,z,vx,vy,vz,temperature,density,pressure,is_star
86.89293,126.10637,39.15824,88.32294,129.17268,39.46124,0.00000,11789.25586,0.00000,0
131.09486,82.90809,-0.74273,133.64935,84.85388,-1.48176,0.00000,11789.25586,0.00000,0
