x,y,z,vx,vy,vz,temperature,density,pressure,is_star
69.94257,101.31641,31.58510,90.01796,131.65164,40.21854,0.00000,11789.25586,0.00000,0
105.44576,66.62351,-0.45836,136.21422,86.48232,-1.51021,0.00000,11789.25586,0.00000,0
