x,y,z,vx,vy,vz,temperature,density,pressure,is_star
76.22495,110.50442,34.39197,89.38972,130.73285,39.93786,0.00000,11789.25586,0.00000,0
114.95221,72.65914,-0.56375,135.26360,85.87876,-1.49966,0.00000,11789.25586,0.00000,0
