x,y,z,vx,vy,vz,temperature,density,pressure,is_star
80.68551,117.02801,36.38487,88.94367,130.08051,39.73857,0.00000,11789.25586,0.00000,0
121.70187,76.94450,-0.63859,134.58862,85.45023,-1.49218,0.00000,11789.25586,0.00000,0
