x,y,z,vx,vy,vz,temperature,density,pressure,is_star
87.77616,127.39809,39.55285,88.23461,129.04352,39.42178,0.00000,11789.25586,0.00000,0
132.43135,83.75663,-0.75754,133.51570,84.76903,-1.48028,0.00000,11789.25586,0.00000,0
