x,y,z,vx,vy,vz,temperature,density,pressure,is_star
83.35115,120.92652,37.57584,88.67711,129.69066,39.61948,0.00000,11789.25586,0.00000,0
125.73550,79.50543,-0.68331,134.18527,85.19414,-1.48770,0.00000,11789.25586,0.00000,0
