x,y,z,vx,vy,vz,temperature,density,pressure,is_star
75.33015,109.19578,33.99219,89.47920,130.86371,39.97784,0.00000,11789.25586,0.00000,0
113.59822,71.79949,-0.54874,135.39899,85.96472,-1.50117,0.00000,11789.25586,0.00000,0
