x,y,z,vx,vy,vz,temperature,density,pressure,is_star
35.99479,51.66768,16.41780,93.41267,136.61644,41.73529,0.00000,11789.25586,0.00000,0
54.07632,34.00909,0.11118,141.35115,89.74372,-1.56722,0.00000,11789.25586,0.00000,0
