x,y,z,vx,vy,vz,temperature,density,pressure,is_star
12.33530,17.06554,5.84709,95.77833,140.07680,42.79258,0.00000,11789.25586,0.00000,0
18.27498,11.27888,0.50815,144.93149,92.01645,-1.60715,0.00000,11789.25586,0.00000,0
