x,y,z,vx,vy,vz,temperature,density,pressure,is_star
91.30025,132.55209,41.12735,87.88221,128.52812,39.26433,0.00000,11789.25586,0.00000,0
137.76398,87.14230,-0.81667,132.98245,84.43047,-1.47436,0.00000,11789.25586,0.00000,0
