x,y,z,vx,vy,vz,temperature,density,pressure,is_star
62.70861,90.73674,28.35309,90.74134,132.70958,40.54174,0.00000,11789.25586,0.00000,0
94.49942,59.67368,-0.33699,137.30888,87.17729,-1.52235,0.00000,11789.25586,0.00000,0
