x,y,z,vx,vy,vz,temperature,density,pressure,is_star
39.72570,57.12415,18.08470,93.03959,136.07082,41.56858,0.00000,11789.25586,0.00000,0
59.72190,37.59346,0.04859,140.78661,89.38529,-1.56095,0.00000,11789.25586,0.00000,0
