x,y,z,vx,vy,vz,temperature,density,pressure,is_star
1.73627,1.56418,1.11148,96.83092,141.63380,43.27242,0.00000,73379.07812,0.00000,0
2.23638,1.09614,0.68606,146.54263,93.02781,-1.63124,0.00000,159746.85938,0.00000,0
