x,y,z,vx,vy,vz,temperature,density,pressure,is_star
90.42056,131.26552,40.73432,87.97018,128.65678,39.30363,0.00000,11789.25586,0.00000,0
136.43282,86.29715,-0.80191,133.11557,84.51498,-1.47584,0.00000,11789.25586,0.00000,0
