x,y,z,vx,vy,vz,temperature,density,pressure,is_star
85.12381,123.51904,38.36783,88.49985,129.43141,39.54028,0.00000,11789.25586,0.00000,0
128.41786,81.20847,-0.71305,133.91704,85.02384,-1.48473,0.00000,11789.25586,0.00000,0
