x,y,z,vx,vy,vz,temperature,density,pressure,is_star
68.13950,98.67943,30.77952,90.19826,131.91533,40.29910,0.00000,11789.25586,0.00000,0
102.71739,64.89127,-0.42811,136.48706,86.65554,-1.51323,0.00000,11789.25586,0.00000,0
