x,y,z,vx,vy,vz,temperature,density,pressure,is_star
57.24503,82.74622,25.91205,91.28768,133.50864,40.78584,0.00000,11789.25586,0.00000,0
86.23197,54.42469,-0.24533,138.13565,87.70219,-1.53152,0.00000,11789.25586,0.00000,0
