x,y,z,vx,vy,vz,temperature,density,pressure,is_star
42.51410,61.20219,19.33051,92.76075,135.66301,41.44399,0.00000,11789.25586,0.00000,0
63.94128,40.27234,0.00181,140.36469,89.11741,-1.55626,0.00000,11789.25586,0.00000,0
