x,y,z,vx,vy,vz,temperature,density,pressure,is_star
44.36839,63.91409,20.15898,92.57533,135.39182,41.36114,0.00000,11789.25586,0.00000,0
66.74717,42.05380,-0.02930,140.08409,88.93926,-1.55315,0.00000,11789.25586,0.00000,0
