x,y,z,vx,vy,vz,temperature,density,pressure,is_star
2.70462,2.98047,1.54416,96.73885,141.48772,43.22509,0.00000,11789.25586,0.00000,0
3.70176,2.02646,0.66979,146.39133,92.93924,-1.62555,0.00000,11789.25586,0.00000,0
