x,y,z,vx,vy,vz,temperature,density,pressure,is_star
5.60393,7.22082,2.83958,96.45086,141.06183,43.09386,0.00000,11789.25586,0.00000,0
8.08906,4.81190,0.62111,145.95068,92.66254,-1.61899,0.00000,11789.25586,0.00000,0
