x,y,z,vx,vy,vz,temperature,density,pressure,is_star
86.00881,124.81335,38.76323,88.41135,129.30199,39.50074,0.00000,11789.25586,0.00000,0
129.75703,82.05870,-0.72789,133.78313,84.93882,-1.48324,0.00000,11789.25586,0.00000,0
