x,y,z,vx,vy,vz,temperature,density,pressure,is_star
59.06987,85.41505,26.72736,91.10520,133.24174,40.70431,0.00000,11789.25586,0.00000,0
88.99330,56.17786,-0.27595,137.85951,87.52687,-1.52846,0.00000,11789.25586,0.00000,0
