x,y,z,vx,vy,vz,temperature,density,pressure,is_star
10.41686,14.25980,4.98995,95.97009,140.35744,42.87836,0.00000,11789.25586,0.00000,0
15.37200,9.43579,0.54034,145.22186,92.20068,-1.61045,0.00000,11789.25586,0.00000,0
