x,y,z,vx,vy,vz,temperature,density,pressure,is_star
4.63846,5.80879,2.40821,96.54712,141.20331,43.13725,0.00000,11789.25586,0.00000,0
6.62810,3.88434,0.63732,146.09705,92.75502,-1.62086,0.00000,11789.25586,0.00000,0
