x,y,z,vx,vy,vz,temperature,density,pressure,is_star
78.01185,113.11777,35.19033,89.21104,130.47151,39.85802,0.00000,11789.25586,0.00000,0
117.65613,74.37585,-0.59373,134.99319,85.70709,-1.49666,0.00000,11789.25586,0.00000,0
