x,y,z,vx,vy,vz,temperature,density,pressure,is_star
49.90904,72.01731,22.63445,92.02126,134.58151,41.11359,0.00000,11789.25586,0.00000,0
75.13123,47.37683,-0.12226,139.24570,88.40697,-1.54384,0.00000,11789.25586,0.00000,0
