x,y,z,vx,vy,vz,temperature,density,pressure,is_star
40.65610,58.48485,18.50039,92.94655,135.93475,41.52701,0.00000,11789.25586,0.00000,0
61.12976,38.48732,0.03298,140.64583,89.29591,-1.55939,0.00000,11789.25586,0.00000,0
