x,y,z,vx,vy,vz,temperature,density,pressure,is_star
20.92097,29.62214,9.68304,94.91993,138.82098,42.40884,0.00000,11789.25586,0.00000,0
31.26675,19.52732,0.36409,143.63216,91.19179,-1.59260,0.00000,11789.25586,0.00000,0
