x,y,z,vx,vy,vz,temperature,density,pressure,is_star
54.50091,78.73294,24.68603,91.56209,133.90996,40.90844,0.00000,11789.25586,0.00000,0
82.07961,51.78835,-0.19929,138.55089,87.96582,-1.53613,0.00000,11789.25586,0.00000,0
