x,y,z,vx,vy,vz,temperature,density,pressure,is_star
93.05702,135.12137,41.91225,87.70654,128.27119,39.18584,0.00000,11789.25586,0.00000,0
140.42229,88.83006,-0.84614,132.71663,84.26170,-1.47142,0.00000,11789.25586,0.00000,0
