x,y,z,vx,vy,vz,temperature,density,pressure,is_star
8.49458,11.44843,4.13109,96.16219,140.63870,42.96436,0.00000,11789.25586,0.00000,0
12.46320,7.58900,0.57260,145.51288,92.38523,-1.61378,0.00000,11789.25586,0.00000,0
