x,y,z,vx,vy,vz,temperature,density,pressure,is_star
78.90396,114.42249,35.58891,89.12183,130.34105,39.81817,0.00000,11789.25586,0.00000,0
119.00606,75.23293,-0.60870,134.85820,85.62138,-1.49517,0.00000,11789.25586,0.00000,0
