x,y,z,vx,vy,vz,temperature,density,pressure,is_star
21.87016,31.01035,10.10713,94.82502,138.68214,42.36642,0.00000,11789.25586,0.00000,0
32.70308,20.43924,0.34816,143.48851,91.10060,-1.59099,0.00000,11789.25586,0.00000,0
