x,y,z,vx,vy,vz,temperature,density,pressure,is_star
35.05973,50.30015,16.00002,93.50618,136.75319,41.77707,0.00000,11789.25586,0.00000,0
52.66140,33.11076,0.12687,141.49265,89.83356,-1.56879,0.00000,11789.25586,0.00000,0
