x,y,z,vx,vy,vz,temperature,density,pressure,is_star
25.65748,36.54931,11.79925,94.44632,138.12823,42.19718,0.00000,11789.25586,0.00000,0
38.43401,24.07780,0.28462,142.91537,90.73677,-1.58461,0.00000,11789.25586,0.00000,0
