x,y,z,vx,vy,vz,temperature,density,pressure,is_star
63.61603,92.06384,28.75851,90.65060,132.57687,40.50119,0.00000,11789.25586,0.00000,0
95.87251,60.54546,-0.35222,137.17157,87.09012,-1.52083,0.00000,11789.25586,0.00000,0
