x,y,z,vx,vy,vz,temperature,density,pressure,is_star
31.31011,44.81632,14.32476,93.88111,137.30156,41.94461,0.00000,11789.25586,0.00000,0
46.98752,29.50842,0.18978,142.06003,90.19376,-1.57510,0.00000,11789.25586,0.00000,0
