x,y,z,vx,vy,vz,temperature,density,pressure,is_star
73.53788,106.57458,33.19143,89.65843,131.12582,40.05791,0.00000,11789.25586,0.00000,0
110.88617,70.07762,-0.51867,135.67018,86.13691,-1.50417,0.00000,11789.25586,0.00000,0
