x,y,z,vx,vy,vz,temperature,density,pressure,is_star
56.33124,81.40980,25.50379,91.37906,133.64227,40.82666,0.00000,11789.25586,0.00000,0
84.84924,53.54679,-0.23000,138.27393,87.78998,-1.53306,0.00000,11789.25586,0.00000,0
