x,y,z,vx,vy,vz,temperature,density,pressure,is_star
26.60194,37.93060,12.22122,94.35188,137.99011,42.15497,0.00000,11789.25586,0.00000,0
39.86316,24.98517,0.26877,142.77246,90.64604,-1.58302,0.00000,11789.25586,0.00000,0
