x,y,z,vx,vy,vz,temperature,density,pressure,is_star
15.20578,21.26364,7.12958,95.49136,139.65691,42.66426,0.00000,11789.25586,0.00000,0
22.61858,14.03661,0.45998,144.49706,91.74075,-1.60227,0.00000,11789.25586,0.00000,0
