x,y,z,vx,vy,vz,temperature,density,pressure,is_star
16.16070,22.66021,7.55622,95.39589,139.51724,42.62158,0.00000,11789.25586,0.00000,0
24.06355,14.95402,0.44396,144.35254,91.64903,-1.60065,0.00000,11789.25586,0.00000,0
