x,y,z,vx,vy,vz,temperature,density,pressure,is_star
71.74202,103.94813,32.38907,89.83801,131.38847,40.13815,0.00000,11789.25586,0.00000,0
108.16869,68.35229,-0.48855,135.94193,86.30944,-1.50719,0.00000,11789.25586,0.00000,0
