x,y,z,vx,vy,vz,temperature,density,pressure,is_star
38.79437,55.76208,17.66860,93.13272,136.20702,41.61020,0.00000,11789.25586,0.00000,0
58.31262,36.69872,0.06422,140.92754,89.47476,-1.56251,0.00000,11789.25586,0.00000,0
