x,y,z,vx,vy,vz,temperature,density,pressure,is_star
7.53199,10.04064,3.70102,96.25835,140.77957,43.00745,0.00000,11789.25586,0.00000,0
11.00661,6.66423,0.58875,145.65863,92.47762,-1.61548,0.00000,11789.25586,0.00000,0
