x,y,z,vx,vy,vz,temperature,density,pressure,is_star
17.11466,24.05538,7.98244,95.30051,139.37772,42.57895,0.00000,11789.25586,0.00000,0
25.50707,15.87051,0.42795,144.20818,91.55740,-1.59903,0.00000,11789.25586,0.00000,0
