x,y,z,vx,vy,vz,temperature,density,pressure,is_star
34.12373,48.93125,15.58184,93.59978,136.89008,41.81889,0.00000,11789.25586,0.00000,0
51.24506,32.21152,0.14258,141.63428,89.92348,-1.57036,0.00000,11789.25586,0.00000,0
