x,y,z,vx,vy,vz,temperature,density,pressure,is_star
55.41653,80.07204,25.09511,91.47053,133.77605,40.86753,0.00000,11789.25586,0.00000,0
83.46511,52.66801,-0.21466,138.41234,87.87785,-1.53459,0.00000,11789.25586,0.00000,0
