x,y,z,vx,vy,vz,temperature,density,pressure,is_star
19.01971,26.84155,8.83359,95.11003,139.09908,42.49380,0.00000,11789.25586,0.00000,0
28.38980,17.70075,0.39599,143.91988,91.37442,-1.59581,0.00000,11789.25586,0.00000,0
