x,y,z,vx,vy,vz,temperature,density,pressure,is_star
30.37036,43.44193,13.90489,93.97507,137.43900,41.98660,0.00000,11789.25586,0.00000,0
45.56549,28.60558,0.20555,142.20222,90.28404,-1.57668,0.00000,11789.25586,0.00000,0
