x,y,z,vx,vy,vz,temperature,density,pressure,is_star
64.52254,93.38960,29.16352,90.55995,132.44431,40.46069,0.00000,11789.25586,0.00000,0
97.24423,61.41636,-0.36743,137.03439,87.00303,-1.51931,0.00000,11789.25586,0.00000,0
