x,y,z,vx,vy,vz,temperature,density,pressure,is_star
43.44171,62.55882,19.74495,92.66799,135.52734,41.40255,0.00000,11789.25586,0.00000,0
65.34492,41.16352,-0.01375,140.22432,89.02829,-1.55470,0.00000,11789.25586,0.00000,0
