x,y,z,vx,vy,vz,temperature,density,pressure,is_star
18.06766,25.44916,8.40823,95.20522,139.23833,42.53635,0.00000,11789.25586,0.00000,0
26.94916,16.78609,0.41196,144.06395,91.46587,-1.59742,0.00000,11789.25586,0.00000,0
