x,y,z,vx,vy,vz,temperature,density,pressure,is_star
69.04149,99.99858,31.18251,90.10806,131.78342,40.25880,0.00000,11789.25586,0.00000,0
104.08226,65.75782,-0.44324,136.35057,86.56889,-1.51172,0.00000,11789.25586,0.00000,0
