x,y,z,vx,vy,vz,temperature,density,pressure,is_star
89.53997,129.97766,40.34089,88.05824,128.78557,39.34298,0.00000,11789.25586,0.00000,0
135.10033,85.45116,-0.78714,133.24881,84.59957,-1.47732,0.00000,11789.25586,0.00000,0
