x,y,z,vx,vy,vz,temperature,density,pressure,is_star
88.65851,128.68852,39.94707,88.14638,128.91447,39.38236,0.00000,11789.25586,0.00000,0
133.76651,84.60432,-0.77235,133.38219,84.68426,-1.47880,0.00000,11789.25586,0.00000,0
