x,y,z,vx,vy,vz,temperature,density,pressure,is_star
33.18680,47.56098,15.16323,93.69346,137.02710,41.86076,0.00000,11789.25586,0.00000,0
49.82730,31.31139,0.15830,141.77605,90.01348,-1.57194,0.00000,11789.25586,0.00000,0
