x,y,z,vx,vy,vz,temperature,density,pressure,is_star
32.24892,46.18933,14.74420,93.78724,137.16426,41.90266,0.00000,11789.25586,0.00000,0
48.40812,30.41035,0.17403,141.91797,90.10358,-1.57352,0.00000,11789.25586,0.00000,0
