x,y,z,vx,vy,vz,temperature,density,pressure,is_star
19.97082,28.23254,9.25853,95.01494,138.95996,42.45130,0.00000,11789.25586,0.00000,0
29.82899,18.61449,0.38003,143.77594,91.28307,-1.59420,0.00000,11789.25586,0.00000,0
