x,y,z,vx,vy,vz,temperature,density,pressure,is_star
70.84274,102.63293,31.98729,89.92794,131.51999,40.17832,0.00000,11789.25586,0.00000,0
106.80791,67.48833,-0.47346,136.07800,86.39584,-1.50870,0.00000,11789.25586,0.00000,0
