x,y,z,vx,vy,vz,temperature,density,pressure,is_star
53.58437,77.39250,24.27653,91.65374,134.04401,40.94939,0.00000,11789.25586,0.00000,0
80.69271,50.90781,-0.18392,138.68958,88.05387,-1.53767,0.00000,11789.25586,0.00000,0
