x,y,z,vx,vy,vz,temperature,density,pressure,is_star
67.23662,97.35896,30.37613,90.28854,132.04738,40.33944,0.00000,11789.25586,0.00000,0
101.35116,64.02384,-0.41296,136.62369,86.74228,-1.51475,0.00000,11789.25586,0.00000,0
