x,y,z,vx,vy,vz,temperature,density,pressure,is_star
3.67202,4.39534,1.97640,96.64326,141.34514,43.18087,0.00000,11789.25586,0.00000,0
5.16566,2.95587,0.65354,146.24379,92.84739,-1.62292,0.00000,11789.25586,0.00000,0
