x,y,z,vx,vy,vz,temperature,density,pressure,is_star
74.43446,107.88583,33.59201,89.56877,130.99471,40.01785,0.00000,11789.25586,0.00000,0
112.24287,70.93899,-0.53372,135.53452,86.05077,-1.50267,0.00000,11789.25586,0.00000,0
