x,y,z,vx,vy,vz,temperature,density,pressure,is_star
23.76572,33.78260,10.95404,94.63548,138.40489,42.28172,0.00000,11789.25586,0.00000,0
35.57141,22.26034,0.31636,143.20164,90.91850,-1.58780,0.00000,11789.25586,0.00000,0
