x,y,z,vx,vy,vz,temperature,density,pressure,is_star
77.11884,111.81174,34.79135,89.30034,130.60211,39.89792,0.00000,11789.25586,0.00000,0
116.30485,73.51793,-0.57875,135.12833,85.79288,-1.49816,0.00000,11789.25586,0.00000,0
