x,y,z,vx,vy,vz,temperature,density,pressure,is_star
14.24991,19.86568,6.70251,95.58692,139.79672,42.70699,0.00000,11789.25586,0.00000,0
21.17216,13.11829,0.47602,144.64171,91.83256,-1.60389,0.00000,11789.25586,0.00000,0
