x,y,z,vx,vy,vz,temperature,density,pressure,is_star
11.37656,15.66337,5.41873,95.87416,140.21704,42.83545,0.00000,11789.25586,0.00000,0
16.82422,10.35779,0.52423,145.07660,92.10852,-1.60880,0.00000,11789.25586,0.00000,0
