x,y,z,vx,vy,vz,temperature,density,pressure,is_star
28.48804,40.68902,13.06390,94.16329,137.71428,42.07070,0.00000,11789.25586,0.00000,0
42.71718,26.79718,0.23713,142.48706,90.46486,-1.57984,0.00000,11789.25586,0.00000,0
