x,y,z,vx,vy,vz,temperature,density,pressure,is_star
9.45620,12.85482,4.56074,96.06609,140.49800,42.92133,0.00000,11789.25586,0.00000,0
13.91833,8.51286,0.55646,145.36729,92.29292,-1.61211,0.00000,11789.25586,0.00000,0
