x,y,z,vx,vy,vz,temperature,density,pressure,is_star
48.98791,70.67015,22.22290,92.11337,134.71623,41.15475,0.00000,11789.25586,0.00000,0
73.73738,46.49188,-0.10680,139.38509,88.49546,-1.54539,0.00000,11789.25586,0.00000,0
