x,y,z,vx,vy,vz,temperature,density,pressure,is_star
81.57494,118.32881,36.78226,88.85473,129.95042,39.69883,0.00000,11789.25586,0.00000,0
123.04776,77.79900,-0.65351,134.45404,85.36478,-1.49068,0.00000,11789.25586,0.00000,0
