x,y,z,vx,vy,vz,temperature,density,pressure,is_star
82.46349,119.62832,37.17924,88.76588,129.82048,39.65913,0.00000,11789.25586,0.00000,0
124.39230,78.65264,-0.66842,134.31960,85.27942,-1.48919,0.00000,11789.25586,0.00000,0
