x,y,z,vx,vy,vz,temperature,density,pressure,is_star
51.74855,74.70760,23.45631,91.83732,134.31248,41.03141,0.00000,11789.25586,0.00000,0
77.91476,49.14409,-0.15312,138.96736,88.23024,-1.54075,0.00000,11789.25586,0.00000,0
