x,y,z,vx,vy,vz,temperature,density,pressure,is_star
13.29309,18.46631,6.27501,95.68258,139.93669,42.74976,0.00000,11789.25586,0.00000,0
19.72430,12.19904,0.49208,144.78653,91.92446,-1.60552,0.00000,11789.25586,0.00000,0
