x,y,z,vx,vy,vz,temperature,density,pressure,is_star
60.89106,88.07856,27.54104,90.92309,132.97540,40.62294,0.00000,11789.25586,0.00000,0
91.74911,57.92752,-0.30650,137.58392,87.35191,-1.52540,0.00000,11789.25586,0.00000,0
