x,y,z,vx,vy,vz,temperature,density,pressure,is_star
22.81841,32.39717,10.53080,94.73020,138.54344,42.32405,0.00000,11789.25586,0.00000,0
34.13796,21.35025,0.33225,143.34500,91.00951,-1.58940,0.00000,11789.25586,0.00000,0
