x,y,z,vx,vy,vz,temperature,density,pressure,is_star
36.92892,53.03384,16.83515,93.31926,136.47983,41.69355,0.00000,11789.25586,0.00000,0
55.48984,34.90653,0.09551,141.20981,89.65398,-1.56565,0.00000,11789.25586,0.00000,0
