x,y,z,vx,vy,vz,temperature,density,pressure,is_star
65.42814,94.71404,29.56813,90.46939,132.31186,40.42023,0.00000,11789.25586,0.00000,0
98.61458,62.28639,-0.38262,136.89735,86.91602,-1.51779,0.00000,11789.25586,0.00000,0
