x,y,z,vx,vy,vz,temperature,density,pressure,is_star
61.80029,89.40832,27.94727,90.83217,132.84242,40.58232,0.00000,11789.25586,0.00000,0
93.12495,58.80104,-0.32176,137.44633,87.26456,-1.52388,0.00000,11789.25586,0.00000,0
